chr1:13225100-13247334,False
chr1:16569745-16676648,False
chr1:16680443-16855010,False
chr1:16861487-16951900,False
chr1:122875095-123065693,False
chr1:123236251-123458859,False
chr1:123494757-123585956,True
chr1:123658174-124080573,False
chr1:124366699-124742288,False
chr1:124941624-124975916,False
chr1:124989185-124995895,False
chr1:125079116-125085928,False
chr1:125162871-143281344,False
chr1:206051637-206058208,False
chr1:234775596-234800696,False
chr2:87825725-87858445,False
chr2:87867675-87911271,False
chr2:89033571-89048693,False
chr2:89595516-89621877,False
chr2:89653544-89766475,False
chr2:89767944-89790853,False
chr2:89795720-89814246,False
chr2:89817946-89846428,False
chr2:89847464-89851564,False
chr2:90378196-91408293,False
chr2:91416114-91477796,False
chr2:91534037-91615745,False
chr2:94090040-94498899,False
chr2:96054079-96070567,False
chr2:97193922-97286532,False
chr2:111413348-111429360,False
chr2:113578062-113596408,False
chr2:130342138-130345634,False
